name,email,phone
Advogados Associados,bagliolicj@gmail.comCONTATE-NOS,91 98412-3588
Anos de Experiência,bagliolicj@gmail.comCONTATE-NOS,91 98226-2930
QUEM SOMOS,bagliolicj@gmail.comCONTATE-NOS,91 99244-2963
20,atendimento@belemadvogados.com.br,31 99063-9824
+de  10 ANOS,atendimento@belemadvogados.com.br,(31) 99063-9824
EXPERIÊNCIA,cleo@cavalcantepereira.adv.br,(91) 98118-7612
SOLUÇÕES,nazare@cavalcantepereira.adv.br,(91) 98118-7612
SOLUÇÕES,ivan.farias@cavalcantepereira.adv.br,(91) 98118-7612
TRAJETÓRIA DE EXPERIÊNCIA,rosabahia@cavalcantepereira.adv.br,(91) 98118-7602
INOVADORAS,thadeu@cavalcantepereira.adv.br,(91) 98118-7602
TRAJETÓRIA DE EXPERIÊNCIA,ivan.farias@cavalcantepereira.adv.br,(91) 98118-7602
EXPERIÊNCIA,ophir@cavalcantepereira.adv.brMatriz,(91) 98118-7602
EXPERIÊNCIA,rosabahia@cavalcantepereira.adv.br,(91) 98118-7612
Soluções jurídicas inovadoras para negócios,marilia@cavalcantepereira.adv.br,(91) 98118-7602
ADVOGADOS ESPECIALISTAS EM NEGÓCIOS,rosane@cavalcantepereira.adv.br,(91) 98118-7612
SOLUÇÕES,thales@cavalcantepereira.adv.br,(91) 98118-7612
TRAJETÓRIA DE EXPERIÊNCIA,sandra@cavalcantepereira.adv.br,(91) 98118-7602
SOLUÇÕES,diego.almeida@cavalcantepereira.adv.brSUCURSAL,(91) 98118-7612
30 anos de,rosane@cavalcantepereira.adv.br,(91) 98118-7602
30 anos de,thadeu@cavalcantepereira.adv.br,(91) 98118-7612
TRAJETÓRIA DE EXPERIÊNCIA,thales@cavalcantepereira.adv.br,(91) 98118-7602
Soluções jurídicas inovadoras para negócios,luana@cavalcantepereira.adv.br,(91) 98118-7602
TRAJETÓRIA DE EXPERIÊNCIA,diego.almeida@cavalcantepereira.adv.brSUCURSAL,(91) 98118-7602
EXPERIÊNCIA,sandra@cavalcantepereira.adv.br,(91) 98118-7612
SOLUÇÕES,marluce@cavalcantepereira.adv.br,(91) 98118-7612
SOLUÇÕES,cleo@cavalcantepereira.adv.br,(91) 98118-7602
Soluções jurídicas inovadoras para negócios,pedrolarcher@cavalcantepereira.adv.br,(91) 98118-7612
30 anos de,luana@cavalcantepereira.adv.br,(91) 98118-7612
30 anos de,pedrolarcher@cavalcantepereira.adv.br,(91) 98118-7602
Soluções jurídicas inovadoras para negócios,nazare@cavalcantepereira.adv.br,(91) 98118-7602
Soluções jurídicas inovadoras para negócios,ophir@cavalcantepereira.adv.brMatriz,(91) 98118-7612
30 anos de,marluce@cavalcantepereira.adv.br,(91) 98118-7602
TRAJETÓRIA DE EXPERIÊNCIA,marilia@cavalcantepereira.adv.br,(91) 98118-7612
Visão,belemadvogadosassociados@gmail.com,(91) 98889-1010
Cobrança de débitos condominiais,atendimento@ribeiroebarros.com.br,(91) 98412-3750
CONTATO,rbfinanceiroadv@yahoo.com.brContatoEnviarObrigado,"(91) 3222-4153
0800"
ÁREAS DE ATUAÇÃO,rbfinanceiroadv@yahoo.com.brContatoEnviarObrigado,0800 591 4427
SOBRE NÓS,fabrybrandao@gmail.com,0800 591 4427
CONTATO,fabrybrandao@gmail.com,"(91) 3222-4153
0800"
Servidores Públicos,paulovictor@ribeiroebarros.com.br,(91) 98412-3750
Previdenciário - INSS (RGPS),larissa@ribeiroebarros.com.br,(91) 98412-3750
Atenção Servidores,contato@jaderdias.com.br,(91) 99389-0600
Dr. Jader Dias presta esclarecimentos sobre a progressão do município de Belém (SISBEL),contato@jaderdias.com.br,91 98169-8362
"Programa de Regularização Incentivada Bora Quitar, da Prefeitura de Belém retorna com descontos em tributos municipais",GABS@PGM.PMB.PA.GOV.BR,0800-042-0971
"Prefeitura de Belém inaugura a sala da advocacia, na Secretaria Municipal de Finanças",GABS@PGM.PMB.PA.GOV.BR,(91) 98499-0059
"Em decorrência do ano eleitoral de 2024, bem como a Lei Federal nº 9.504/1997, que estabelece normas gerais para  eleições e determina as condutas vedadas aos agentes públicos, configurando algumas condutas como abuso de poder, bem como a infringência ao art. 37, §1º da Constituição Federal, as notícias deste site estão desabilitadas até o fim do período eleitoral.",GABS@PGM.PMB.PA.GOV.BR,(91) 984884200
Menu,gabinete@codem.pmb.pa.gov.br,(91) 98499-0059
Vanderson Quaresma da Silva,FALECONOSCO@CODEM.COM.BR,(91) 98499-0059
Presidente,FALECONOSCO@CODEM.COM.BR,0800-042-0971
Redes Sociais,ddu@codem.pmb.pa.gov.br,(91) 98499-0059
Fale Conosco,ddu@codem.pmb.pa.gov.br,0800-042-0971
Daniel Neri Lobato Pereira,dgfcodempmb@gmail.com,(91) 984884200
José Akel Fares Filho,FALECONOSCO@CODEM.COM.BR,(91) 984884200
Diretoria de Desenvolvimento e Negócios - DDN,dgfcodempmb@gmail.com,0800-042-0971
José Akel Fares Filho,ddn@codem.pmb.pa.gov.br,(91) 98499-0059
Presidente,gabinete@codem.pmb.pa.gov.br,0800-042-0971
Diretoria de Suporte e Gestão de Pessoas - DSP,gabinete@codem.pmb.pa.gov.br,(91) 984884200
Menu,dgfcodempmb@gmail.com,(91) 98499-0059
Diretoria de Desenvolvimento Urbano - DDU,ddn@codem.pmb.pa.gov.br,(91) 984884200
Luís Rodrigo Neves Teixeira,ddu@codem.pmb.pa.gov.br,(91) 984884200
Diretoria de Desenvolvimento Urbano - DDU,ddn@codem.pmb.pa.gov.br,0800-042-0971
